State,City,County,Inactive Date,Changes_20191117
CA,29 PALMS,SAN BERNARDINO,,
CA,ABERDEEN,INYO,,
CA,ACAMPO,SAN JOAQUIN,,
CA,ACTON,LOS ANGELES,,
CA,ADELAIDE,SAN LUIS OBISPO,,
CA,ADELANTO,SAN BERNARDINO,,
CA,ADIN,MODOC,,
CA,AERIAL ACRES,KERN,,
CA,AFTON,GLENN,,
CA,AGOURA HILLS,LOS ANGELES,,
CA,AGOURA,LOS ANGELES,,
CA,AGUA DULCE,LOS ANGELES,,
CA,AGUANGA,RIVERSIDE,,
CA,AHWAHNEE,MADERA,,
CA,ALABAMA HILLS,INYO,,
CA,ALAMEDA,ALAMEDA,,
CA,ALAMO,CONTRA COSTA,,
CA,ALBANY,ALAMEDA,,
CA,ALBION,MENDOCINO,,
CA,ALDERPOINT,HUMBOLDT,,
CA,ALHAMBRA,LOS ANGELES,,
CA,ALISO VIEJO,ORANGE,,
CA,ALLEGHANY,SIERRA,,
CA,ALLENDALE,SOLANO,,
CA,ALLENSWORTH,TULARE,,
CA,ALMANOR,PLUMAS,,
CA,ALPAUGH,TULARE,,
CA,ALPINE MEADOWS,PLACER,,
CA,ALPINE,SAN DIEGO,,
CA,ALTA HILL,NEVADA,,
CA,ALTA LOMA,SAN BERNARDINO,,
CA,ALTA SIERRA,NEVADA,,
CA,ALTA,PLACER,,
CA,ALTADENA,LOS ANGELES,,
CA,ALTAVILLE,CALAVERAS,,
CA,ALTURAS,MODOC,,
CA,ALVISO,SANTA CLARA,,
CA,AMADOR CITY,AMADOR,,
CA,AMBOY,SAN BERNARDINO,,
CA,AMERICAN CANYON,NAPA,,
CA,ANAHEIM,ORANGE,,
CA,ANCHOR BAY,MENDOCINO,,
CA,ANDERSON SPRINGS,LAKE,,
CA,ANDERSON,SHASTA,,
CA,ANGELS CAMP,CALAVERAS,,
CA,ANGELUS OAKS,SAN BERNARDINO,,
CA,ANGWIN,NAPA,,
CA,ANNAPOLIS,SONOMA,,
CA,ANTELOPE,SACRAMENTO,,
CA,ANTIOCH,CONTRA COSTA,,
CA,ANZA,RIVERSIDE,,
CA,APPLE VALLEY,SAN BERNARDINO,,
CA,APPLEGATE,PLACER,,
CA,APTOS,SANTA CRUZ,,
CA,ARBOGA,YUBA,,
CA,ARBUCKLE,COLUSA,,
CA,ARCADIA,LOS ANGELES,,
CA,ARCATA,HUMBOLDT,,
CA,ARGUS,SAN BERNARDINO,,
CA,ARLETA,LOS ANGELES,,
CA,ARMONA,KINGS,,
CA,ARNOLD,CALAVERAS,,
CA,AROMAS,MONTEREY,,
CA,ARROWBEAR LAKE,SAN BERNARDINO,,
CA,ARROWHEAD FARMS,SAN BERNARDINO,,
CA,ARROYO GRANDE,SAN LUIS OBISPO,,
CA,ARTESIA,LOS ANGELES,,
CA,ARTOIS,GLENN,,
CA,ARVIN,KERN,,
CA,ASTI,SONOMA,,
CA,ATASCADERO,SAN LUIS OBISPO,,
CA,ATHERTON,SAN MATEO,,
CA,ATWATER,MERCED,,
CA,ATWOOD,ORANGE,,
CA,AUBERRY,FRESNO,,
CA,AUBURN LAKE TRAILS,EL DORADO,,
CA,AUBURN,PLACER,,
CA,AVALON,LOS ANGELES,,
CA,AVENAL,KINGS,,
CA,AVERY,CALAVERAS,,
CA,AVILA BEACH,SAN LUIS OBISPO,,
CA,AZUSA,LOS ANGELES,,
CA,BADGER,TULARE,,
CA,BAKER,SAN BERNARDINO,,
CA,BAKERSFIELD,KERN,,
CA,BALANCE ROCK,TULARE,,
CA,BALBOA ISLAND,ORANGE,,
CA,BALBOA,ORANGE,,
CA,BALDWIN HILLS,LOS ANGELES,,
CA,BALDWIN PARK,LOS ANGELES,,
CA,BALLARAT,SAN BERNARDINO,,
CA,BALLARD,SANTA BARBARA,,
CA,BALLICO,MERCED,,
CA,BANGOR,BUTTE,,
CA,BANNING,RIVERSIDE,,
CA,BANTA,SAN JOAQUIN,,
CA,BARD,IMPERIAL,,
CA,BARSTOW,SAN BERNARDINO,,
CA,BASS LAKE,MADERA,,
CA,BASSETT,LOS ANGELES,,
CA,BASSETTS,SIERRA,,
CA,BAY POINT,CONTRA COSTA,,
CA,BAYLISS,GLENN,,
CA,BAYSIDE,HUMBOLDT,,
CA,BEAR VALLEY SPRINGS,KERN,,
CA,BEAR VALLEY,CALAVERAS,,
CA,BEAUMONT,RIVERSIDE,,
CA,BECKWOURTH,PLUMAS,,
CA,BELDEN,PLUMAS,,
CA,BELL CANYON,LOS ANGELES,,
CA,BELL GARDENS,LOS ANGELES,,
CA,BELL,LOS ANGELES,,
CA,BELLA VISTA,SHASTA,,
CA,BELLFLOWER,LOS ANGELES,,
CA,BELMONT,SAN MATEO,,
CA,BELVEDERE,MARIN,,
CA,BEN LOMOND,SANTA CRUZ,,
CA,BENICIA,SOLANO,,
CA,BENTON,MONO,,
CA,BERENDA,MADERA,,
CA,BERKELEY,ALAMEDA,,
CA,BERMUDA DUNES,RIVERSIDE,,
CA,BERRY CREEK,BUTTE,,
CA,BETHEL ISLAND,CONTRA COSTA,,
CA,BEVERLY HILLS,LOS ANGELES,,
CA,BIEBER,LASSEN,,
CA,BIG BAR,TRINITY,,
CA,BIG BEAR CITY,SAN BERNARDINO,,
CA,BIG BEAR LAKE,SAN BERNARDINO,,
CA,BIG BEND,SHASTA,,
CA,BIG CREEK,FRESNO,,
CA,BIG OAK FLAT,TUOLUMNE,,
CA,BIG OAK VALLEY,NEVADA,,
CA,BIG PINE,INYO,,
CA,BIG RIVER,SAN BERNARDINO,,
CA,BIG SUR,MONTEREY,,
CA,BIGGS,BUTTE,,
CA,BIOLA,FRESNO,,
CA,BIRDS LANDING,SOLANO,,
CA,BISHOP,INYO,,
CA,BLACKHAWK,CONTRA COSTA,,
CA,BLAIRSDEN GRAEAGLE,PLUMAS,,
CA,BLAIRSDEN,PLUMAS,,
CA,BLOCKSBURG,HUMBOLDT,,
CA,BLOOMFIELD,SONOMA,,
CA,BLOOMINGTON,SAN BERNARDINO,,
CA,BLUE CANYON,PLACER,,
CA,BLUE JAY,SAN BERNARDINO,,
CA,BLUE LAKE,HUMBOLDT,,
CA,BLYTHE,RIVERSIDE,,
CA,BODEGA BAY,SONOMA,,
CA,BODEGA,SONOMA,,
CA,BODFISH,KERN,,
CA,BOLINAS,MARIN,,
CA,BOMBAY BEACH,IMPERIAL,,
CA,BONDS CORNER,IMPERIAL,,
CA,BONITA,SAN DIEGO,,
CA,BONNY DOON,SANTA CRUZ,,
CA,BONSALL,SAN DIEGO,,
CA,BOONVILLE,MENDOCINO,,
CA,BORON,KERN,,
CA,BORREGO SPRINGS,SAN DIEGO,,
CA,BOSTONIA,SAN DIEGO,,
CA,BOULDER CREEK,SANTA CRUZ,,
CA,BOULEVARD,SAN DIEGO,,
CA,BOWMAN,PLACER,,
CA,BOX CANYON,LOS ANGELES,,
CA,BOX SPRINGS,RIVERSIDE,,
CA,BOYES HOT SPRINGS,SONOMA,,
CA,BRADBURY,LOS ANGELES,,
CA,BRADLEY,MONTEREY,,
CA,BRANSCOMB,MENDOCINO,,
CA,BRAWLEY,IMPERIAL,,
CA,BREA,ORANGE,,
CA,BRENTWOOD,CONTRA COSTA,,
CA,BRIDGEPORT,MONO,,
CA,BRIDGEVILLE,HUMBOLDT,,
CA,BRIONES,CONTRA COSTA,,
CA,BRISBANE,SAN MATEO,,
CA,BROADMOOR VLG,SAN MATEO,,
CA,BROCKWAY,PLACER,,
CA,BRODERICK,YOLO,,
CA,BROOKDALE,SANTA CRUZ,,
CA,BROOKS,YOLO,,
CA,BROWNS VALLEY,YUBA,,
CA,BROWNSVILLE,YUBA,,
CA,BRUSH CREEK,BUTTE,,
CA,BRYN MAWR,SAN BERNARDINO,,
CA,BRYTE,YOLO,,
CA,BUCKS LAKE,PLUMAS,,
CA,BUELLTON,SANTA BARBARA,,
CA,BUENA PARK,ORANGE,,
CA,BURBANK,LOS ANGELES,,
CA,BURLINGAME,SAN MATEO,,
CA,BURNEY,SHASTA,,
CA,BURNT RANCH,TRINITY,,
CA,BURREL,FRESNO,,
CA,BURSON,CALAVERAS,,
CA,BUTTE CITY,GLENN,,
CA,BUTTE MEADOWS,BUTTE,,
CA,BUTTE VALLEY,BUTTE,,
CA,BUTTONWILLOW,KERN,,
CA,BYRON,CONTRA COSTA,,
CA,CABAZON,RIVERSIDE,,
CA,CADIZ,SAN BERNARDINO,,
CA,CAIRNS CORNER,TULARE,,
CA,CALABASAS HILLS,LOS ANGELES,,
CA,CALABASAS,LOS ANGELES,,
CA,CALEXICO,IMPERIAL,,
CA,CALIENTE,KERN,,
CA,CALIFORNIA CITY,KERN,,
CA,CALIFORNIA HOT SPRINGS,TULARE,,
CA,CALIFORNIA PINES,MODOC,,
CA,CALIMESA,RIVERSIDE,,
CA,CALIPATRIA,IMPERIAL,,
CA,CALISTOGA,NAPA,,
CA,CALLAHAN,SISKIYOU,,
CA,CALPELLA,MENDOCINO,,
CA,CALPINE,SIERRA,,
CA,CALWA,FRESNO,,
CA,CAMARILLO,VENTURA,,
CA,CAMBRIA,SAN LUIS OBISPO,,
CA,CAMERON PARK,EL DORADO,,
CA,CAMINO,EL DORADO,,
CA,CAMP MEEKER,SONOMA,,
CA,CAMP NELSON,TULARE,,
CA,CAMP RICHARDSON,EL DORADO,,
CA,CAMPBELL,SANTA CLARA,,
CA,CAMPO SECO,CALAVERAS,,
CA,CAMPO,SAN DIEGO,,
CA,CAMPTONVILLE,YUBA,,
CA,CANBY,MODOC,,
CA,CANOGA PARK,LOS ANGELES,,
CA,CANTIL,KERN,,
CA,CANTUA CREEK,FRESNO,,
CA,CANYON COUNTRY,LOS ANGELES,,
CA,CANYON DAM,PLUMAS,,
CA,CANYON LAKE,RIVERSIDE,,
CA,CANYON,CONTRA COSTA,,
CA,CANYONDAM,PLUMAS,,
CA,CAPAY,YOLO,,
CA,CAPE HORN,PLACER,,
CA,CAPISTRANO BEACH,ORANGE,,
CA,CAPITOLA,SANTA CRUZ,,
CA,CARBONDALE,AMADOR,,
CA,CARDIFF BY THE SEA,SAN DIEGO,,
CA,CARIBOU,PLUMAS,,
CA,CARLOTTA,HUMBOLDT,,
CA,CARLSBAD,SAN DIEGO,,
CA,CARMEL BY THE SEA,MONTEREY,,
CA,CARMEL HIGHLANDS,MONTEREY,,
CA,CARMEL VALLEY VILLAGE,MONTEREY,,
CA,CARMEL VALLEY,MONTEREY,,
CA,CARMEL,MONTEREY,,
CA,CARMICHAEL,SACRAMENTO,,
CA,CARNELIAN BAY,PLACER,,
CA,CARPINTERIA,SANTA BARBARA,,
CA,CARSON,LOS ANGELES,,
CA,CARTAGO,INYO,,
CA,CARUTHERS,FRESNO,,
CA,CASITAS SPRINGS,VENTURA,,
CA,CASMALIA,SANTA BARBARA,,
CA,CASPAR,MENDOCINO,,
CA,CASSEL,SHASTA,,
CA,CASTAIC,LOS ANGELES,,
CA,CASTELLA,SHASTA,,
CA,CASTRO VALLEY,ALAMEDA,,
CA,CASTROVILLE,MONTEREY,,
CA,CATHEDRAL CITY,RIVERSIDE,,
CA,CATHEYS VALLEY,MARIPOSA,,
CA,CAYUCOS,SAN LUIS OBISPO,,
CA,CAZADERO,SONOMA,,
CA,CEDAR GLEN,SAN BERNARDINO,,
CA,CEDAR GROVE,EL DORADO,,
CA,CEDAR RIDGE,NEVADA,,
CA,CEDARPINES PARK,SAN BERNARDINO,,
CA,CEDARVILLE,MODOC,,
CA,CENTERVILLE,FRESNO,,
CA,CENTRAL VALLEY,SHASTA,,
CA,CENTURY CITY,LOS ANGELES,,
CA,CERES,STANISLAUS,,
CA,CERRITOS,LOS ANGELES,,
CA,CHALFANT VALLEY,INYO,,
CA,CHALFANT,INYO,,
CA,CHALLENGE,YUBA,,
CA,CHARTER OAK,LOS ANGELES,,
CA,CHATSWORTH,LOS ANGELES,,
CA,CHEROKEE,BUTTE,,
CA,CHERRY VALLEY,RIVERSIDE,,
CA,CHESTER,PLUMAS,,
CA,CHICAGO PARK,NEVADA,,
CA,CHICO,BUTTE,,
CA,CHILCOOT,PLUMAS,,
CA,CHINA LAKE,KERN,,
CA,CHINESE CAMP,TUOLUMNE,,
CA,CHINO HILLS,SAN BERNARDINO,,
CA,CHINO,SAN BERNARDINO,,
CA,CHIRIACO SUMMIT,RIVERSIDE,,
CA,CHOLAME,SAN LUIS OBISPO,,
CA,CHOWCHILLA,MADERA,,
CA,CHUALAR,MONTEREY,,
CA,CHULA VISTA,SAN DIEGO,,
CA,CIMA,SAN BERNARDINO,,
CA,CIMARRON,LOS ANGELES,,
CA,CISCO,NEVADA,,
CA,CITRUS HEIGHTS,SACRAMENTO,,
CA,CITY OF INDUSTRY,LOS ANGELES,,
CA,CITY RANCH,LOS ANGELES,,
CA,CLAREMONT,LOS ANGELES,,
CA,CLARKSBURG,YOLO,,
CA,CLAY,SACRAMENTO,,
CA,CLAYTON,CONTRA COSTA,,
CA,CLEAR CREEK,LASSEN,,
CA,CLEARLAKE OAKS,LAKE,,
CA,CLEARLAKE PARK,LAKE,,
CA,CLEARLAKE,LAKE,,
CA,CLEMENTS,SAN JOAQUIN,,
CA,CLEONE,MENDOCINO,,
CA,CLINTON,AMADOR,,
CA,CLIO,PLUMAS,,
CA,CLIPPER GAP,PLACER,,
CA,CLIPPER MILLS,BUTTE,,
CA,CLOVERDALE,SONOMA,,
CA,CLOVIS,FRESNO,,
CA,CLYDE,CONTRA COSTA,,
CA,COACHELLA,RIVERSIDE,,
CA,COALINGA,FRESNO,,
CA,COARSEGOLD,MADERA,,
CA,COBB,LAKE,,
CA,CODORA,COLUSA,,
CA,COHASSET,BUTTE,,
CA,COLD SPRINGS,TUOLUMNE,,
CA,COLEVILLE,MONO,,
CA,COLFAX,PLACER,,
CA,COLLEGE CITY,COLUSA,,
CA,COLMA,SAN MATEO,,
CA,COLOMA,EL DORADO,,
CA,COLTON,SAN BERNARDINO,,
CA,COLUMBIA,TUOLUMNE,,
CA,COLUSA,COLUSA,,
CA,COMMERCE,LOS ANGELES,,
CA,COMPTCHE,MENDOCINO,,
CA,COMPTON,LOS ANGELES,,
CA,CONCORD,CONTRA COSTA,,
CA,CONEJO,FRESNO,,
CA,COOL,EL DORADO,,
CA,COPPEROPOLIS,CALAVERAS,,
CA,CORCORAN,KINGS,,
CA,CORNELL,LOS ANGELES,,
CA,CORNING,TEHAMA,,
CA,CORONA DEL MAR,ORANGE,,
CA,CORONA,RIVERSIDE,,
CA,CORONADO,SAN DIEGO,,
CA,CORRAL DE TIERRA,MONTEREY,,
CA,CORRALITOS,SANTA CRUZ,,
CA,CORTE MADERA,MARIN,,
CA,COSTA MESA,ORANGE,,
CA,COTATI,SONOMA,,
CA,COTO DE CAZA,ORANGE,,
CA,COTTONWOOD,SHASTA,,
CA,COULTERVILLE,MARIPOSA,,
CA,COURTLAND,SACRAMENTO,,
CA,COVELO,MENDOCINO,,
CA,COVINA,LOS ANGELES,,
CA,COWAN HEIGHTS,ORANGE,,
CA,COYOTE,SANTA CLARA,,
CA,CRESCENT CITY,DEL NORTE,,
CA,CRESCENT MILLS,PLUMAS,,
CA,CRESSEY,MERCED,,
CA,CREST,SAN DIEGO,,
CA,CRESTLINE,SAN BERNARDINO,,
CA,CRESTON,SAN LUIS OBISPO,,
CA,CROCKETT,CONTRA COSTA,,
CA,CROMBERG,PLUMAS,,
CA,CROWLEY LAKE,MONO,,
CA,CROWS LANDING,STANISLAUS,,
CA,CRYSTAL CITY,LOS ANGELES,,
CA,CRYSTALAIRE,LOS ANGELES,,
CA,CUDAHY,LOS ANGELES,,
CA,CULVER CITY,LOS ANGELES,,
CA,CUPERTINO,SANTA CLARA,,
CA,CUTLER,TULARE,,
CA,CUTTEN,HUMBOLDT,,
CA,CUYAMA,SANTA BARBARA,,
CA,CYPRESS,ORANGE,,
CA,DAGGETT,SAN BERNARDINO,,
CA,DAIRYVILLE,TEHAMA,,
CA,DALY CITY,SAN MATEO,,
CA,DANA POINT,ORANGE,,
CA,DANVILLE,CONTRA COSTA,,
CA,DARDANELLE,TUOLUMNE,,
CA,DARWIN,INYO,,
CA,DAVENPORT,SANTA CRUZ,,
CA,DAVIS CREEK,MODOC,,
CA,DAVIS,YOLO,,
CA,DAYTON,BUTTE,,
CA,DEATH VALLEY JUNCTION,INYO,,
CA,DEATH VALLEY,INYO,,
CA,DEER PARK,NAPA,,
CA,DEL MAR,SAN DIEGO,,
CA,DEL REY OAKS,MONTEREY,,
CA,DEL REY,FRESNO,,
CA,DEL SUR,LOS ANGELES,,
CA,DELANO,KERN,,
CA,DELHI,MERCED,,
CA,DELLEKER,PLUMAS,,
CA,DENAIR,STANISLAUS,,
CA,DESCANSO,SAN DIEGO,,
CA,DESERT CENTER,RIVERSIDE,,
CA,DESERT EDGE,RIVERSIDE,,
CA,DESERT HOT SPRINGS,RIVERSIDE,,
CA,DESERT LAKE,KERN,,
CA,DESERT SHORES,RIVERSIDE,,
CA,DEVORE HEIGHTS,SAN BERNARDINO,,
CA,DI GIORGIO,KERN,,
CA,DIABLO GRANDE,STANISLAUS,,
CA,DIABLO,CONTRA COSTA,,
CA,DIAMOND BAR,LOS ANGELES,,
CA,DIAMOND SPRINGS,EL DORADO,,
CA,DILLON BEACH,MARIN,,
CA,DINUBA,TULARE,,
CA,DISCOVERY BAY,CONTRA COSTA,,
CA,DIXON,SOLANO,,
CA,DOBBINS,YUBA,,
CA,DOCKWEILER,LOS ANGELES,,
CA,DOLOMITE,INYO,,
CA,DONNER,NEVADA,,
CA,DORRINGTON,CALAVERAS,,
CA,DORRIS,SISKIYOU,,
CA,DOS PALOS,MERCED,,
CA,DOS RIOS,MENDOCINO,,
CA,DOUGLAS CITY,TRINITY,,
CA,DOUGLAS FLAT,CALAVERAS,,
CA,DOVE CANYON,ORANGE,,
CA,DOWNEY,LOS ANGELES,,
CA,DOWNIEVILLE,SIERRA,,
CA,DOYLE,LASSEN,,
CA,DRYTOWN,AMADOR,,
CA,DUARTE,LOS ANGELES,,
CA,DUBLIN,ALAMEDA,,
CA,DUCOR,TULARE,,
CA,DULZURA,SAN DIEGO,,
CA,DUNCANS MILLS,SONOMA,,
CA,DUNLAP,FRESNO,,
CA,DUNNIGAN,YOLO,,
CA,DUNSMUIR,SISKIYOU,,
CA,DURHAM,BUTTE,,
CA,DUTCH FLAT,PLACER,,
CA,EAGLE MOUNTAIN,RIVERSIDE,,
CA,EAGLE ROCK,LOS ANGELES,,
CA,EAGLEVILLE,MODOC,,
CA,EARLIMART,TULARE,,
CA,EARP,SAN BERNARDINO,,
CA,EAST GARRISON,MONTEREY,,
CA,EAST GRIDLEY,BUTTE,,
CA,EAST LOS ANGELES,LOS ANGELES,,
CA,EAST NICOLAUS,SUTTER,,
CA,EAST OROSI,TULARE,,
CA,EAST PALO ALTO,SANTA CLARA,,
CA,EAST QUINCY,PLUMAS,,
CA,EAST RANCHO DOMINGUEZ,LOS ANGELES,,
CA,EASTVALE,RIVERSIDE,,
CA,ECHO LAKE,EL DORADO,,
CA,EDEN VALLEY,PLACER,,
CA,EDGEWOOD,SISKIYOU,,
CA,EDISON,KERN,,
CA,EDWARDS,KERN,,
CA,EL CAJON,SAN DIEGO,,
CA,EL CENTRO,IMPERIAL,,
CA,EL CERRITO,CONTRA COSTA,,
CA,EL DORADO HILLS,EL DORADO,,
CA,EL DORADO,EL DORADO,,
CA,EL GRANADA,SAN MATEO,,
CA,EL MACERO,YOLO,,
CA,EL MIRAGE,SAN BERNARDINO,,
CA,EL MONTE,LOS ANGELES,,
CA,EL NIDO,MERCED,,
CA,EL PORTAL,MARIPOSA,,
CA,EL SEGUNDO,LOS ANGELES,,
CA,EL SOBRANTE,CONTRA COSTA,,
CA,EL TORO,ORANGE,,
CA,EL VERANO,SONOMA,,
CA,ELDRIDGE,SONOMA,,
CA,ELFIN FOREST,SAN DIEGO,,
CA,ELIZABETH LAKE,LOS ANGELES,,
CA,ELK CREEK,GLENN,,
CA,ELK GROVE,SACRAMENTO,,
CA,ELK,MENDOCINO,,
CA,ELMIRA,SOLANO,,
CA,ELVERTA,SACRAMENTO,,
CA,EMERALD HILLS,SAN MATEO,,
CA,EMERYVILLE,ALAMEDA,,
CA,EMIGRANT GAP,PLACER,,
CA,EMPIRE,STANISLAUS,,
CA,ENCINITAS,SAN DIEGO,,
CA,ENCINO,LOS ANGELES,,
CA,ESCALON,SAN JOAQUIN,,
CA,ESCONDIDO,SAN DIEGO,,
CA,ESPARTO,YOLO,,
CA,ESSEX,SAN BERNARDINO,,
CA,ETIWANDA,SAN BERNARDINO,,
CA,ETNA,SISKIYOU,,
CA,EUREKA,HUMBOLDT,,
CA,EXETER,TULARE,,
CA,FAIR OAKS,SACRAMENTO,,
CA,FAIR PLAY,EL DORADO,,
CA,FAIRFAX,MARIN,,
CA,FAIRFIELD,SOLANO,,
CA,FAIRMEAD,MADERA,,
CA,FALL RIVER MILLS,SHASTA,,
CA,FALLBROOK,SAN DIEGO,,
CA,FALLEN LEAF,EL DORADO,,
CA,FALLON,SONOMA,,
CA,FARMERSVILLE,TULARE,,
CA,FARMINGTON,SAN JOAQUIN,,
CA,FAWNSKIN,SAN BERNARDINO,,
CA,FEATHER FALLS,BUTTE,,
CA,FELICITY,IMPERIAL,,
CA,FELLOWS,KERN,,
CA,FELTON,SANTA CRUZ,,
CA,FERNDALE,HUMBOLDT,,
CA,FIDDLETOWN,AMADOR,,
CA,FIELDS LANDING,HUMBOLDT,,
CA,FILLMORE,VENTURA,,
CA,FINLEY,LAKE,,
CA,FIREBAUGH,FRESNO,,
CA,FIRESTONE PARK,LOS ANGELES,,
CA,FISH CAMP,MARIPOSA,,
CA,FIVE MILE TERRACE,EL DORADO,,
CA,FIVE POINTS,FRESNO,,
CA,FLINTRIDGE,LOS ANGELES,,
CA,FLORISTON,NEVADA,,
CA,FLOURNOY,TEHAMA,,
CA,FOLSOM,SACRAMENTO,,
CA,FONTANA,SAN BERNARDINO,,
CA,FOOTHILL RANCH,ORANGE,,
CA,FORBESTOWN,BUTTE,,
CA,FOREST FALLS,SAN BERNARDINO,,
CA,FOREST KNOLLS,MARIN,,
CA,FOREST RANCH,BUTTE,,
CA,FORESTHILL,PLACER,,
CA,FORESTVILLE,SONOMA,,
CA,FORKS OF SALMON,SISKIYOU,,
CA,FORT BIDWELL,MODOC,,
CA,FORT BRAGG,MENDOCINO,,
CA,FORT DICK,DEL NORTE,,
CA,FORT JONES,SISKIYOU,,
CA,FORTUNA,HUMBOLDT,,
CA,FOSTER CITY,SAN MATEO,,
CA,FOUNTAIN VALLEY,ORANGE,,
CA,FOUTS SPRINGS,COLUSA,,
CA,FOWLER,FRESNO,,
CA,FRAZIER PARK,KERN,,
CA,FREEDOM,SANTA CRUZ,,
CA,FREESTONE,SONOMA,,
CA,FREMONT,ALAMEDA,,
CA,FRENCH CAMP,SAN JOAQUIN,,
CA,FRENCH CORRAL,NEVADA,,
CA,FRENCH GULCH,SHASTA,,
CA,FRESH POND,EL DORADO,,
CA,FRESNO,FRESNO,,
CA,FRIANT,FRESNO,,
CA,FRUTO,GLENN,,
CA,FULLERTON,ORANGE,,
CA,FULTON,SONOMA,,
CA,GALT,SACRAMENTO,,
CA,GARBERVILLE,HUMBOLDT,,
CA,GARDEN GROVE,ORANGE,,
CA,GARDEN VALLEY,EL DORADO,,
CA,GARDENA,LOS ANGELES,,
CA,GAREY,SANTA BARBARA,,
CA,GARLOCK,KERN,,
CA,GASQUET,DEL NORTE,,
CA,GAVIOTA,SANTA BARBARA,,
CA,GAZELLE,SISKIYOU,,
CA,GENESEE,PLUMAS,,
CA,GEORGETOWN,EL DORADO,,
CA,GERBER,TEHAMA,,
CA,GEYSERVILLE,SONOMA,,
CA,GILMAN HOT SPRINGS,RIVERSIDE,,
CA,GILROY,SANTA CLARA,,
CA,GLASSELL PARK,LOS ANGELES,,
CA,GLASSELL,LOS ANGELES,,
CA,GLEN ELLEN,SONOMA,,
CA,GLENCOE,CALAVERAS,,
CA,GLENDALE,LOS ANGELES,,
CA,GLENDORA,LOS ANGELES,,
CA,GLENHAVEN,LAKE,,
CA,GLENN,GLENN,,
CA,GLENNVILLE,KERN,,
CA,GOFFS,SAN BERNARDINO,,
CA,GOLD HILL,EL DORADO,,
CA,GOLD RIVER,SACRAMENTO,,
CA,GOLD RUN,PLACER,,
CA,GOLDEN HILLS,KERN,,
CA,GOLETA,SANTA BARBARA,,
CA,GONZALES,MONTEREY,,
CA,GOODYEARS BAR,SIERRA,,
CA,GORDA,MONTEREY,,
CA,GORMAN,KERN,,
CA,GOSHEN,TULARE,,
CA,GRAEAGLE,PLUMAS,,
CA,GRANADA HILLS,LOS ANGELES,,
CA,GRAND ISLAND,SACRAMENTO,,
CA,GRAND TERRACE,SAN BERNARDINO,,
CA,GRANITE BAY,PLACER,,
CA,GRANITEVILLE,NEVADA,,
CA,GRASS VALLEY,NEVADA,,
CA,GRATON,SONOMA,,
CA,GRAYSON,STANISLAUS,,
CA,GREEN VALLEY LAKE,SAN BERNARDINO,,
CA,GREEN VALLEY,LOS ANGELES,,
CA,GREEN,LOS ANGELES,,
CA,GREENBRAE,MARIN,,
CA,GREENFIELD,MONTEREY,,
CA,GREENVIEW,SISKIYOU,,
CA,GREENVILLE,PLUMAS,,
CA,GREENWOOD,EL DORADO,,
CA,GRENADA,SISKIYOU,,
CA,GRIDLEY,BUTTE,,
CA,GRIMES,COLUSA,,
CA,GRIZZLY FLATS,EL DORADO,,
CA,GROVELAND,TUOLUMNE,,
CA,GROVER BEACH,SAN LUIS OBISPO,,
CA,GUADALUPE,SANTA BARBARA,,
CA,GUALALA,MENDOCINO,,
CA,GUASTI,SAN BERNARDINO,,
CA,GUATAY,SAN DIEGO,,
CA,GUERNEVILLE,SONOMA,,
CA,GUINDA,YOLO,,
CA,GUSTINE,MERCED,,
CA,HACIENDA HEIGHTS,LOS ANGELES,,
CA,HALCYON,SAN LUIS OBISPO,,
CA,HALF MOON BAY,SAN MATEO,,
CA,HAMILTON CITY,GLENN,,
CA,HAMMIL VALLEY,INYO,,
CA,HAMMOND RANCH,SISKIYOU,,
CA,HAMMONTON,YUBA,,
CA,HANFORD,KINGS,,
CA,HANSEN HILLS,LOS ANGELES,,
CA,HAPPY CAMP,SISKIYOU,,
CA,HARBOR CITY,LOS ANGELES,,
CA,HARMONY,SAN LUIS OBISPO,,
CA,HAT CREEK,SHASTA,,
CA,HATHAWAY PINES,CALAVERAS,,
CA,HAVASU LAKE,SAN BERNARDINO,,
CA,HAVILAH,KERN,,
CA,HAWAIIAN GARDENS,LOS ANGELES,,
CA,HAWTHORNE,LOS ANGELES,,
CA,HAYFORK,TRINITY,,
CA,HAYWARD,ALAMEDA,,
CA,HAZARD,LOS ANGELES,,
CA,HEALDSBURG,SONOMA,,
CA,HEATHER GLEN,PLACER,,
CA,HEBER,IMPERIAL,,
CA,HELENA,TRINITY,,
CA,HELENDALE,SAN BERNARDINO,,
CA,HELM,FRESNO,,
CA,HEMET,RIVERSIDE,,
CA,HERALD,SACRAMENTO,,
CA,HERCULES,CONTRA COSTA,,
CA,HERITAGE RANCH,SAN LUIS OBISPO,,
CA,HERLONG,LASSEN,,
CA,HERMOSA BEACH,LOS ANGELES,,
CA,HESPERIA,SAN BERNARDINO,,
CA,HI VISTA,LOS ANGELES,,
CA,HICKMAN,STANISLAUS,,
CA,HIDDEN HILLS,LOS ANGELES,,
CA,HIDDEN MEADOWS,SAN DIEGO,,
CA,HIDDEN VALLEY LAKE,LAKE,,
CA,HIDDEN VALLEY,VENTURA,,
CA,HIGHLAND PARK,LOS ANGELES,,
CA,HIGHLAND,SAN BERNARDINO,,
CA,HILLS FLAT,NEVADA,,
CA,HILLSBOROUGH,SAN MATEO,,
CA,HILLTOP MALL,CONTRA COSTA,,
CA,HILMAR,MERCED,,
CA,HILT,SISKIYOU,,
CA,HINKLEY,SAN BERNARDINO,,
CA,HODGE,SAN BERNARDINO,,
CA,HOLLISTER,SAN BENITO,,
CA,HOLLY PARK,LOS ANGELES,,
CA,HOLLYGLEN,LOS ANGELES,,
CA,HOLLYWOOD,LOS ANGELES,,
CA,HOLT,SAN JOAQUIN,,
CA,HOLTVILLE,IMPERIAL,,
CA,HOLY CITY,SANTA CLARA,,
CA,HOMELAND,RIVERSIDE,,
CA,HOMEWOOD,PLACER,,
CA,HONCUT,BUTTE,,
CA,HONEYDEW,HUMBOLDT,,
CA,HOOD,SACRAMENTO,,
CA,HOOPA,HUMBOLDT,,
CA,HOPE VALLEY,ALPINE,,
CA,HOPLAND,MENDOCINO,,
CA,HORNBROOK,SISKIYOU,,
CA,HORNITOS,MARIPOSA,,
CA,HORSE CREEK,SISKIYOU,,
CA,HUGHSON,STANISLAUS,,
CA,HUME,FRESNO,,
CA,HUNTINGTON BEACH,ORANGE,,
CA,HUNTINGTON PARK,LOS ANGELES,,
CA,HURLETON,BUTTE,,
CA,HURON,FRESNO,,
CA,HYAMPOM,TRINITY,,
CA,HYDESVILLE,HUMBOLDT,,
CA,IDYLLWILD,RIVERSIDE,,
CA,IGNACIO,MARIN,,
CA,IGO,SHASTA,,
CA,IMPERIAL BEACH,SAN DIEGO,,
CA,IMPERIAL,IMPERIAL,,
CA,INDEPENDENCE,INYO,,
CA,INDIAN WELLS,RIVERSIDE,,
CA,INDIO,RIVERSIDE,,
CA,INGLENOOK,MENDOCINO,,
CA,INGLEWOOD,LOS ANGELES,,
CA,INVERNESS,MARIN,,
CA,INYOKERN,KERN,,
CA,IONE,AMADOR,,
CA,IOWA HILL,PLACER,,
CA,IRVINE,ORANGE,,
CA,IRWINDALE,LOS ANGELES,,
CA,ISLA VISTA,SANTA BARBARA,,
CA,ISLETON,SACRAMENTO,,
CA,IVANHOE,TULARE,,
CA,JACKSON,AMADOR,,
CA,JACUMBA,SAN DIEGO,,
CA,JAMESTOWN,TUOLUMNE,,
CA,JAMUL,SAN DIEGO,,
CA,JANESVILLE,LASSEN,,
CA,JENNER,SONOMA,,
CA,JESS RANCH,SAN BERNARDINO,,
CA,JOHANNESBURG,KERN,,
CA,JOHNSON VALLEY,SAN BERNARDINO,,
CA,JOHNSTONVILLE,LASSEN,,
CA,JOHNSVILLE,PLUMAS,,
CA,JOLON,MONTEREY,,
CA,JOSHUA TREE,SAN BERNARDINO,,
CA,JULIAN,SAN DIEGO,,
CA,JUNCTION CITY,TRINITY,,
CA,JUNE LAKE,MONO,,
CA,JUNIPER HILLS,LOS ANGELES,,
CA,JURUPA VALLEY,RIVERSIDE,,
CA,KAGEL CANYON,LOS ANGELES,,
CA,KAWEAH,TULARE,,
CA,KEELER,INYO,,
CA,KEENE,KERN,,
CA,KELSEY,EL DORADO,,
CA,KELSEYVILLE,LAKE,,
CA,KELSO,SAN BERNARDINO,,
CA,KENSINGTON,ALAMEDA,,
CA,KENTFIELD,MARIN,,
CA,KENWOOD,SONOMA,,
CA,KERMAN,FRESNO,,
CA,KERNVILLE,KERN,,
CA,KESWICK,SHASTA,,
CA,KETTLEMAN CITY,KINGS,,
CA,KEYES,STANISLAUS,,
CA,KING CITY,MONTEREY,,
CA,KINGS BEACH,PLACER,,
CA,KINGS CANYON NATIONAL PK,TULARE,,
CA,KINGSBURG,FRESNO,,
CA,KINGVALE,NEVADA,,
CA,KIRKWOOD,ALPINE,,
CA,KIT CARSON,AMADOR,,
CA,KLAMATH RIVER,SISKIYOU,,
CA,KLAMATH,DEL NORTE,,
CA,KNEELAND,HUMBOLDT,,
CA,KNIGHTS FERRY,STANISLAUS,,
CA,KNIGHTS LANDING,YOLO,,
CA,KNIGHTSEN,CONTRA COSTA,,
CA,KORBEL,HUMBOLDT,,
CA,KRAMER JUNCTION,KERN,,
CA,KYBURZ,EL DORADO,,
CA,LA CANADA FLINTRIDGE,LOS ANGELES,,
CA,LA CANADA,LOS ANGELES,,
CA,LA CONCHITA,VENTURA,,
CA,LA COSTA,SAN DIEGO,,
CA,LA CRESCENTA,LOS ANGELES,,
CA,LA GRANGE,STANISLAUS,,
CA,LA HABRA HEIGHTS,ORANGE,,
CA,LA HABRA,ORANGE,,
CA,LA HONDA,SAN MATEO,,
CA,LA JOLLA,SAN DIEGO,,
CA,LA MESA,SAN DIEGO,,
CA,LA MIRADA,LOS ANGELES,,
CA,LA PALMA,ORANGE,,
CA,LA PORTE,BUTTE,,
CA,LA PUENTE,LOS ANGELES,,
CA,LA QUINTA,RIVERSIDE,,
CA,LA SELVA BEACH,SANTA CRUZ,,
CA,LA VERNE,LOS ANGELES,,
CA,LADERA RANCH,ORANGE,,
CA,LAFAYETTE,CONTRA COSTA,,
CA,LAGUNA BEACH,ORANGE,,
CA,LAGUNA HILLS,ORANGE,,
CA,LAGUNA NIGUEL,ORANGE,,
CA,LAGUNA WOODS,ORANGE,,
CA,LAGUNITAS,MARIN,,
CA,LAKE ALMANOR,LASSEN,,
CA,LAKE ARROWHEAD,SAN BERNARDINO,,
CA,LAKE BALBOA,LOS ANGELES,,
CA,LAKE CITY,MODOC,,
CA,LAKE ELSINORE,RIVERSIDE,,
CA,LAKE FOREST,ORANGE,,
CA,LAKE HUGHES,LOS ANGELES,,
CA,LAKE ISABELLA,KERN,,
CA,LAKE LOS ANGELES,LOS ANGELES,,
CA,LAKE MARY,MONO,,
CA,LAKE MATHEWS,RIVERSIDE,,
CA,LAKE OF THE PINES,PLACER,,
CA,LAKE SAN MARCOS,SAN DIEGO,,
CA,LAKE SHERWOOD,VENTURA,,
CA,LAKE VIEW TERRACE,LOS ANGELES,,
CA,LAKE WILDWOOD,NEVADA,,
CA,LAKEHEAD,SHASTA,,
CA,LAKEPORT,LAKE,,
CA,LAKESHORE,FRESNO,,
CA,LAKESIDE,SAN DIEGO,,
CA,LAKEVIEW,RIVERSIDE,,
CA,LAKEVILLE,SONOMA,,
CA,LAKEWOOD,LOS ANGELES,,
CA,LAMONT,KERN,,
CA,LANCASTER,LOS ANGELES,,
CA,LANDERS,SAN BERNARDINO,,
CA,LARKFIELD,SONOMA,,
CA,LARKSPUR,MARIN,,
CA,LATHROP,SAN JOAQUIN,,
CA,LATON,FRESNO,,
CA,LATROBE,EL DORADO,,
CA,LAWNDALE,LOS ANGELES,,
CA,LAWS,INYO,,
CA,LAYTONVILLE,MENDOCINO,,
CA,LE GRAND,MERCED,,
CA,LEBEC,KERN,,
CA,LEE VINING,MONO,,
CA,LEESVILLE,COLUSA,,
CA,LEGGETT,MENDOCINO,,
CA,LEIMERT PARK,LOS ANGELES,,
CA,LEMON COVE,TULARE,,
CA,LEMON GROVE,SAN DIEGO,,
CA,LEMOORE,KINGS,,
CA,LEONA VALLEY,LOS ANGELES,,
CA,LEWISTON,TRINITY,,
CA,LIKELY,MODOC,,
CA,LINCOLN ACRES,SAN DIEGO,,
CA,LINCOLN HEIGHTS,LOS ANGELES,,
CA,LINCOLN,PLACER,,
CA,LINDA,YUBA,,
CA,LINDEN,SAN JOAQUIN,,
CA,LINDSAY,TULARE,,
CA,LITCHFIELD,LASSEN,,
CA,LITTLE LAKE,INYO,,
CA,LITTLE RIVER,MENDOCINO,,
CA,LITTLE VALLEY,SHASTA,,
CA,LITTLEROCK,LOS ANGELES,,
CA,LIVE OAK,SUTTER,,
CA,LIVERMORE,ALAMEDA,,
CA,LIVINGSTON,MERCED,,
CA,LLANO,LOS ANGELES,,
CA,LOCH LOMOND,LAKE,,
CA,LOCKEFORD,SAN JOAQUIN,,
CA,LOCKWOOD,MONTEREY,,
CA,LODI,SAN JOAQUIN,,
CA,LODOGA,COLUSA,,
CA,LOLETA,HUMBOLDT,,
CA,LOMA LINDA,SAN BERNARDINO,,
CA,LOMA MAR,SAN MATEO,,
CA,LOMA RICA,YUBA,,
CA,LOMITA,LOS ANGELES,,
CA,LOMPICO,SANTA CRUZ,,
CA,LOMPOC,SANTA BARBARA,,
CA,LONDON,TULARE,,
CA,LONE PINE,INYO,,
CA,LONG BARN,TUOLUMNE,,
CA,LONG BEACH,LOS ANGELES,,
CA,LOOKOUT,MODOC,,
CA,LOOMIS,PLACER,,
CA,LORAINE,KERN,,
CA,LOS ALAMITOS,ORANGE,,
CA,LOS ALAMOS,SANTA BARBARA,,
CA,LOS ALTOS HILLS,SANTA CLARA,,
CA,LOS ALTOS,SANTA CLARA,,
CA,LOS ANGELES,LOS ANGELES,,
CA,LOS BANOS,MERCED,,
CA,LOS GATOS,SANTA CLARA,,
CA,LOS MOLINOS,TEHAMA,,
CA,LOS NIETOS,LOS ANGELES,,
CA,LOS OLIVOS,SANTA BARBARA,,
CA,LOS OSOS,SAN LUIS OBISPO,,
CA,LOST HILLS,KERN,,
CA,LOTUS,EL DORADO,,
CA,LOWER LAKE,LAKE,,
CA,LOYALTON,SIERRA,,
CA,LUCERNE VALLEY,SAN BERNARDINO,,
CA,LUCERNE,LAKE,,
CA,LUCIA,MONTEREY,,
CA,LUDLOW,SAN BERNARDINO,,
CA,LYNWOOD,LOS ANGELES,,
CA,LYTLE CREEK,SAN BERNARDINO,,
CA,MACDOEL,SISKIYOU,,
CA,MAD RIVER,TRINITY,,
CA,MADELINE,LASSEN,,
CA,MADERA,MADERA,,
CA,MADISON,YOLO,,
CA,MAGALIA,BUTTE,,
CA,MAGRA,PLACER,,
CA,MALAGA,FRESNO,,
CA,MALIBU,LOS ANGELES,,
CA,MAMMOTH LAKES,MONO,,
CA,MANCHESTER,MENDOCINO,,
CA,MANHATTAN BEACH,LOS ANGELES,,
CA,MANILA,HUMBOLDT,,
CA,MANTECA,SAN JOAQUIN,,
CA,MANTON,TEHAMA,,
CA,MARICOPA,KERN,,
CA,MARIN CITY,MARIN,,
CA,MARINA DEL REY,LOS ANGELES,,
CA,MARINA,MONTEREY,,
CA,MARIPOSA,MARIPOSA,,
CA,MARKLEEVILLE,ALPINE,,
CA,MARSHALL,MARIN,,
CA,MARTELL,AMADOR,1/1/2020,removed from the list of cities
CA,MARTINEZ,CONTRA COSTA,,
CA,MARYSVILLE,YUBA,,
CA,MASSACK,PLUMAS,,
CA,MATHER,SACRAMENTO,,
CA,MAXWELL,COLUSA,,
CA,MAYWOOD,LOS ANGELES,,
CA,MC FARLAND,KERN,,
CA,MC KITTRICK,KERN,,
CA,MCARTHUR,SHASTA,,
CA,MCCLELLAN,SACRAMENTO,,
CA,MCCLOUD,SISKIYOU,,
CA,MCKINLEYVILLE,HUMBOLDT,,
CA,MEADOW VALLEY,PLUMAS,,
CA,MEADOW VISTA,PLACER,,
CA,MECCA,RIVERSIDE,,
CA,MEEKS BAY,EL DORADO,,
CA,MEINERS OAKS,VENTURA,,
CA,MENDOCINO,MENDOCINO,,
CA,MENDOTA,FRESNO,,
CA,MENIFEE,RIVERSIDE,,
CA,MENLO PARK,SAN MATEO,,
CA,MENTONE,SAN BERNARDINO,,
CA,MERCED,MERCED,,
CA,MERIDIAN,SUTTER,,
CA,MESA VERDE,RIVERSIDE,,
CA,MESA VISTA,ALPINE,,
CA,MEYERS,EL DORADO,,
CA,MI WUK VILLAGE,TUOLUMNE,,
CA,MICHIGAN BLUFF,PLACER,,
CA,MIDDLETOWN,LAKE,,
CA,MIDPINES,MARIPOSA,,
CA,MIDWAY CITY,ORANGE,,
CA,MILFORD,LASSEN,,
CA,MILL CREEK,TEHAMA,,
CA,MILL VALLEY,MARIN,,
CA,MILLBRAE,SAN MATEO,,
CA,MILLS ORCHARD,GLENN,,
CA,MILLVILLE,SHASTA,,
CA,MILPITAS,SANTA CLARA,,
CA,MINERAL,TEHAMA,,
CA,MINKLER,FRESNO,,
CA,MIRA LOMA,RIVERSIDE,,
CA,MIRADA,LOS ANGELES,,
CA,MIRAMONTE,FRESNO,,
CA,MIRANDA,HUMBOLDT,,
CA,MISSION HILLS,LOS ANGELES,,
CA,MISSION VIEJO,ORANGE,,
CA,MOCCASIN,TUOLUMNE,,
CA,MODESTO,STANISLAUS,,
CA,MODJESKA CANYON,ORANGE,,
CA,MOFFETT FIELD,SANTA CLARA,,
CA,MOJAVE,KERN,,
CA,MOKELUMNE HILL,CALAVERAS,,
CA,MONARCH BAY,ORANGE,,
CA,MONARCH BEACH,ORANGE,,
CA,MONO CITY,MONO,,
CA,MONO HOT SPRINGS,FRESNO,,
CA,MONOLITH,KERN,,
CA,MONROVIA,LOS ANGELES,,
CA,MONTAGUE,SISKIYOU,,
CA,MONTARA,SAN MATEO,,
CA,MONTCLAIR,SAN BERNARDINO,,
CA,MONTE NIDO,LOS ANGELES,,
CA,MONTE RIO,SONOMA,,
CA,MONTE SERENO,SANTA CLARA,,
CA,MONTE VISTA,SANTA CLARA,,
CA,MONTEBELLO,LOS ANGELES,,
CA,MONTECITO,SANTA BARBARA,,
CA,MONTEREY PARK,LOS ANGELES,,
CA,MONTEREY,MONTEREY,,
CA,MONTGOMERY CREEK,SHASTA,,
CA,MONTROSE,LOS ANGELES,,
CA,MOORPARK,VENTURA,,
CA,MORADA,SAN JOAQUIN,,
CA,MORAGA,CONTRA COSTA,,
CA,MORENO VALLEY,RIVERSIDE,,
CA,MORGAN HILL,SANTA CLARA,,
CA,MORONGO VALLEY,SAN BERNARDINO,,
CA,MORRO BAY,SAN LUIS OBISPO,,
CA,MOSS BEACH,SAN MATEO,,
CA,MOSS LANDING,MONTEREY,,
CA,MOUNT AUKUM,EL DORADO,,
CA,MOUNT EDEN,ALAMEDA,,
CA,MOUNT HAMILTON,SANTA CLARA,,
CA,MOUNT HERMON,SANTA CRUZ,,
CA,MOUNT LAGUNA,SAN DIEGO,,
CA,MOUNT SHASTA,SISKIYOU,,
CA,MOUNT SIGNAL,IMPERIAL,,
CA,MOUNT WILSON,LOS ANGELES,,
CA,MOUNTAIN CENTER,RIVERSIDE,,
CA,MOUNTAIN HOME VILLAGE,SAN BERNARDINO,,
CA,MOUNTAIN HOUSE,SAN JOAQUIN,,
CA,MOUNTAIN MESA,KERN,,
CA,MOUNTAIN PASS,SAN BERNARDINO,,
CA,MOUNTAIN RANCH,CALAVERAS,,
CA,MOUNTAIN VIEW,SANTA CLARA,,
CA,MT BALDY,SAN BERNARDINO,,
CA,MT MADONNA,SANTA CRUZ,,
CA,MUIR BEACH,MARIN,,
CA,MURPHYS,CALAVERAS,,
CA,MURRIETA,RIVERSIDE,,
CA,MUSCOY,SAN BERNARDINO,,
CA,MYERS FLAT,HUMBOLDT,,
CA,NAPA,NAPA,,
CA,NAS NORTH ISLAND,SAN DIEGO,,
CA,NASHVILLE,EL DORADO,,
CA,NATIONAL CITY,SAN DIEGO,,
CA,NAVARRO,MENDOCINO,,
CA,NAVELENCIA,FRESNO,,
CA,NEEDLES,SAN BERNARDINO,,
CA,NEENACH,LOS ANGELES,,
CA,NELSON,BUTTE,,
CA,NESTOR,SAN DIEGO,,
CA,NEVADA CITY,NEVADA,,
CA,NEW ALMADEN,SANTA CLARA,,
CA,NEW CUYAMA,SANTA BARBARA,,
CA,NEWARK,ALAMEDA,,
CA,NEWBERRY SPRINGS,SAN BERNARDINO,,
CA,NEWBURY PARK,VENTURA,,
CA,NEWCASTLE,PLACER,,
CA,NEWELL,SISKIYOU,,
CA,NEWHALL,LOS ANGELES,,
CA,NEWMAN,STANISLAUS,,
CA,NEWPORT BEACH,ORANGE,,
CA,NEWPORT COAST,ORANGE,,
CA,NEWTOWN,EL DORADO,,
CA,NEWVILLE,GLENN,,
CA,NICASIO,MARIN,,
CA,NICE,LAKE,,
CA,NICOLAUS,SUTTER,,
CA,NILAND,IMPERIAL,,
CA,NIPOMO,SAN LUIS OBISPO,,
CA,NIPTON,SAN BERNARDINO,,
CA,NORCO,RIVERSIDE,,
CA,NORD,BUTTE,,
CA,NORDEN,NEVADA,,
CA,NORTH BLOOMFIELD,NEVADA,,
CA,NORTH COLUMBIA,NEVADA,,
CA,NORTH EDWARDS,KERN,,
CA,NORTH FORK,MADERA,,
CA,NORTH HIGHLANDS,SACRAMENTO,,
CA,NORTH HILLS,LOS ANGELES,,
CA,NORTH HOLLYWOOD,LOS ANGELES,,
CA,NORTH PALM SPRINGS,RIVERSIDE,,
CA,NORTH RICHMOND,CONTRA COSTA,,
CA,NORTH SAN JUAN,NEVADA,,
CA,NORTH SHORE,RIVERSIDE,,
CA,NORTH TUSTIN,ORANGE,,
CA,NORTHRIDGE,LOS ANGELES,,
CA,NORTHSTAR,NEVADA,,
CA,NORWALK,LOS ANGELES,,
CA,NOVATO,MARIN,,
CA,NOYO,MENDOCINO,,
CA,NUBIEBER,LASSEN,,
CA,NUEVO,RIVERSIDE,,
CA,O NEALS,MADERA,,
CA,OAK GLEN,SAN BERNARDINO,,
CA,OAK HILLS,SAN BERNARDINO,,
CA,OAK PARK,VENTURA,,
CA,OAK RUN,SHASTA,,
CA,OAK VIEW,VENTURA,,
CA,OAKDALE,STANISLAUS,,
CA,OAKHURST,MADERA,,
CA,OAKLAND,ALAMEDA,,
CA,OAKLEY,CONTRA COSTA,,
CA,OAKVILLE,NAPA,,
CA,OAKWOOD,LOS ANGELES,,
CA,OBRIEN,SHASTA,,
CA,OCCIDENTAL,SONOMA,,
CA,OCEANO,SAN LUIS OBISPO,,
CA,OCEANSIDE,SAN DIEGO,,
CA,OCOTILLO,IMPERIAL,,
CA,OJAI,VENTURA,,
CA,OLANCHA,INYO,,
CA,OLD STATION,SHASTA,,
CA,OLEMA,MARIN,,
CA,OLIVEHURST,YUBA,,
CA,OLYMPIC VALLEY,PLACER,,
CA,OMO RANCH,EL DORADO,,
CA,ONO,SHASTA,,
CA,ONTARIO,SAN BERNARDINO,,
CA,ONYX,KERN,,
CA,OPHIR,PLACER,,
CA,ORANGE COVE,FRESNO,,
CA,ORANGE,ORANGE,,
CA,ORANGEVALE,SACRAMENTO,,
CA,ORCUTT,SANTA BARBARA,,
CA,ORDBEND,GLENN,,
CA,OREGON CITY,BUTTE,,
CA,OREGON HOUSE,YUBA,,
CA,ORICK,HUMBOLDT,,
CA,ORINDA,CONTRA COSTA,,
CA,ORLAND,GLENN,,
CA,ORLEANS,HUMBOLDT,,
CA,ORO GRANDE,SAN BERNARDINO,,
CA,OROSI,TULARE,,
CA,OROVILLE,BUTTE,,
CA,OUTINGDALE,EL DORADO,,
CA,OXNARD,VENTURA,,
CA,PACHECO,CONTRA COSTA,,
CA,PACIFIC GROVE,MONTEREY,,
CA,PACIFIC HOUSE,EL DORADO,,
CA,PACIFIC PALISADES,LOS ANGELES,,
CA,PACIFICA,SAN MATEO,,
CA,PACOIMA,LOS ANGELES,,
CA,PAICINES,SAN BENITO,,
CA,PAINTERSVILLE,SACRAMENTO,,
CA,PAJARO,SANTA CRUZ,,
CA,PALA,SAN DIEGO,,
CA,PALERMO,BUTTE,,
CA,PALM DESERT,RIVERSIDE,,
CA,PALM SPRINGS,RIVERSIDE,,
CA,PALMDALE,LOS ANGELES,,
CA,PALO ALTO,SANTA CLARA,,
CA,PALO CEDRO,SHASTA,,
CA,PALO VERDE,IMPERIAL,,
CA,PALOMAR MOUNTAIN,SAN DIEGO,,
CA,PALOMAR PARK,SAN MATEO,,
CA,PALOS VERDES ESTATES,LOS ANGELES,,
CA,PALOS VERDES PENINSULA,LOS ANGELES,,
CA,PANAMINT SPRINGS,INYO,,
CA,PANOCHE,SAN BENITO,,
CA,PANORAMA CITY,LOS ANGELES,,
CA,PARADISE PARK,SANTA CRUZ,,
CA,PARADISE,BUTTE,,
CA,PARAMOUNT,LOS ANGELES,,
CA,PARKER DAM,SAN BERNARDINO,,
CA,PARKFIELD,SAN LUIS OBISPO,,
CA,PARLIER,FRESNO,,
CA,PASADENA,LOS ANGELES,,
CA,PASKENTA,TEHAMA,,
CA,PASO ROBLES,SAN LUIS OBISPO,,
CA,PATTERSON,STANISLAUS,,
CA,PATTON VILLAGE,LASSEN,,
CA,PATTON,SAN BERNARDINO,,
CA,PAUMA VALLEY,SAN DIEGO,,
CA,PAYNES CREEK,TEHAMA,,
CA,PEANUT,TRINITY,,
CA,PEARBLOSSOM,LOS ANGELES,,
CA,PEARDALE,NEVADA,,
CA,PEARSONVILLE,KERN,,
CA,PEBBLE BEACH,MONTEREY,,
CA,PENN VALLEY,NEVADA,,
CA,PENNGROVE,SONOMA,,
CA,PENRYN,PLACER,,
CA,PERMANENTE,SANTA CLARA,,
CA,PERRIS,RIVERSIDE,,
CA,PESCADERO,SAN MATEO,,
CA,PETALUMA,SONOMA,,
CA,PETROLIA,HUMBOLDT,,
CA,PHELAN,SAN BERNARDINO,,
CA,PHILLIPS RANCH,LOS ANGELES,,
CA,PHILLIPSVILLE,HUMBOLDT,,
CA,PHILO,MENDOCINO,,
CA,PICO RIVERA,LOS ANGELES,,
CA,PIEDMONT,ALAMEDA,,
CA,PIEDRA,FRESNO,,
CA,PIERCY,MENDOCINO,,
CA,PIKE,NEVADA,,
CA,PILOT HILL,EL DORADO,,
CA,PINE GROVE,AMADOR,,
CA,PINE MOUNTAIN CLUB,KERN,,
CA,PINE VALLEY,SAN DIEGO,,
CA,PINECREST,TUOLUMNE,,
CA,PINEDALE,FRESNO,,
CA,PINEHURST,FRESNO,,
CA,PINERIDGE,FRESNO,,
CA,PINOLE,CONTRA COSTA,,
CA,PINON HILLS,SAN BERNARDINO,,
CA,PINYON PINES,RIVERSIDE,,
CA,PIONEER POINT,SAN BERNARDINO,,
CA,PIONEER,AMADOR,,
CA,PIONEERTOWN,SAN BERNARDINO,,
CA,PIRU,VENTURA,,
CA,PISMO BEACH,SAN LUIS OBISPO,,
CA,PITTSBURG,CONTRA COSTA,,
CA,PIXLEY,TULARE,,
CA,PLACENTIA,ORANGE,,
CA,PLACERVILLE,EL DORADO,,
CA,PLANADA,MERCED,,
CA,PLATINA,SHASTA,,
CA,PLAYA DEL REY,LOS ANGELES,,
CA,PLAYA VISTA,LOS ANGELES,,
CA,PLEASANT GROVE,SUTTER,,
CA,PLEASANT HILL,CONTRA COSTA,,
CA,PLEASANT VALLEY,EL DORADO,,
CA,PLEASANTON,ALAMEDA,,
CA,PLUMAS LAKE,YUBA,,
CA,PLYMOUTH,AMADOR,,
CA,POINT ARENA,MENDOCINO,,
CA,POINT REYES STATION,MARIN,,
CA,POINT RICHMOND,CONTRA COSTA,,
CA,POLLOCK PINES,EL DORADO,,
CA,POMONA,LOS ANGELES,,
CA,POPE VALLEY,NAPA,,
CA,POPLAR,TULARE,,
CA,PORT COSTA,CONTRA COSTA,,
CA,PORT HUENEME,VENTURA,,
CA,PORTER RANCH,LOS ANGELES,,
CA,PORTERVILLE,TULARE,,
CA,PORTOLA HILLS,ORANGE,,
CA,PORTOLA VALLEY,SAN MATEO,,
CA,PORTOLA,PLUMAS,,
CA,POSEY,TULARE,,
CA,POTRERO,SAN DIEGO,,
CA,POTTER VALLEY,MENDOCINO,,
CA,POWAY,SAN DIEGO,,
CA,POZO,SAN LUIS OBISPO,,
CA,PRATHER,FRESNO,,
CA,PRATTVILLE,PLUMAS,,
CA,PRESIDIO OF MONTEREY,MONTEREY,,
CA,PRINCETON,COLUSA,,
CA,PROBERTA,TEHAMA,,
CA,PROJECT CITY,SHASTA,,
CA,PRUNEDALE,MONTEREY,,
CA,PULGA,BUTTE,,
CA,PUMPKIN CENTER,KERN,,
CA,QUAIL VALLEY,RIVERSIDE,,
CA,QUARTZ HILL,LOS ANGELES,,
CA,QUINCY,PLUMAS,,
CA,RACKERBY,YUBA,,
CA,RAGGED POINT,SAN LUIS OBISPO,,
CA,RAIL ROAD FLAT,CALAVERAS,,
CA,RAINBOW,SAN DIEGO,,
CA,RAISIN CITY,FRESNO,,
CA,RAMONA,SAN DIEGO,,
CA,RANCHITA,SAN DIEGO,,
CA,RANCHO BELAGO,RIVERSIDE,,
CA,RANCHO CORDOVA,SACRAMENTO,,
CA,RANCHO CUCAMONGA,SAN BERNARDINO,,
CA,RANCHO DOMINGUEZ,LOS ANGELES,,
CA,RANCHO MIRAGE,RIVERSIDE,,
CA,RANCHO MISSION VIEJO,ORANGE,,
CA,RANCHO MURIETA,SACRAMENTO,,
CA,RANCHO PALOS VERDES,LOS ANGELES,,
CA,RANCHO PARK,LOS ANGELES,,
CA,RANCHO SANTA FE,SAN DIEGO,,
CA,RANCHO SANTA MARGARITA,ORANGE,,
CA,RANCHO SUEY,SANTA BARBARA,,
CA,RANDSBURG,KERN,,
CA,RAVENDALE,LASSEN,,
CA,RAYMOND,MADERA,,
CA,RED BLUFF,TEHAMA,,
CA,RED MOUNTAIN,KERN,,
CA,REDCREST,HUMBOLDT,,
CA,REDDING,SHASTA,,
CA,REDLANDS,SAN BERNARDINO,,
CA,REDONDO BEACH,LOS ANGELES,,
CA,REDWAY,HUMBOLDT,,
CA,REDWOOD CITY,SAN MATEO,,
CA,REDWOOD ESTATES,SANTA CLARA,,
CA,REDWOOD LODGE,MENDOCINO,,
CA,REDWOOD VALLEY,MENDOCINO,,
CA,REEDLEY,FRESNO,,
CA,RESCUE,EL DORADO,,
CA,RESEDA,LOS ANGELES,,
CA,RIALTO,SAN BERNARDINO,,
CA,RICHGROVE,TULARE,,
CA,RICHMOND,CONTRA COSTA,,
CA,RICHVALE,BUTTE,,
CA,RIDGECREST,KERN,,
CA,RIMFOREST,SAN BERNARDINO,,
CA,RIO DELL,HUMBOLDT,,
CA,RIO LINDA,SACRAMENTO,,
CA,RIO NIDO,SONOMA,,
CA,RIO OSO,SUTTER,,
CA,RIO VISTA,SOLANO,,
CA,RIPLEY,RIVERSIDE,,
CA,RIPON,SAN JOAQUIN,,
CA,RIVER PINES,AMADOR,,
CA,RIVERBANK,STANISLAUS,,
CA,RIVERDALE,FRESNO,,
CA,RIVERSIDE,RIVERSIDE,,
CA,ROBBINS,SUTTER,,
CA,ROBINSON RANCH,ORANGE,,
CA,ROBINSONS CORNER,BUTTE,,
CA,ROBLES DEL RIO,MONTEREY,,
CA,ROCK CREEK,PLUMAS,,
CA,ROCK CREST,PLUMAS,,
CA,ROCKLIN,PLACER,,
CA,ROCKPORT,MENDOCINO,,
CA,RODEO,CONTRA COSTA,,
CA,ROHNERT PARK,SONOMA,,
CA,ROLINDA,FRESNO,,
CA,ROLLING HILLS ESTATES,LOS ANGELES,,
CA,ROLLING HILLS,LOS ANGELES,,
CA,ROMOLAND,RIVERSIDE,,
CA,ROSAMOND,KERN,,
CA,ROSEMEAD,LOS ANGELES,,
CA,ROSEVILLE,PLACER,,
CA,ROSS,MARIN,,
CA,ROSSMOOR,ORANGE,,
CA,ROUGH AND READY,NEVADA,,
CA,ROUND MOUNTAIN,SHASTA,,
CA,ROVANA,INYO,,
CA,ROWLAND HEIGHTS,LOS ANGELES,,
CA,ROYAL OAKS,SANTA CRUZ,,
CA,RUMSEY,YOLO,,
CA,RUNNING SPRINGS,SAN BERNARDINO,,
CA,RUSSIAN RIVER MDWS,SONOMA,,
CA,RUTH,HUMBOLDT,,
CA,RUTHERFORD,NAPA,,
CA,RYDE,SACRAMENTO,,
CA,SACRAMENTO,SACRAMENTO,,
CA,SAGE,RIVERSIDE,,
CA,SAINT HELENA,NAPA,,
CA,SALIDA,STANISLAUS,,
CA,SALINAS,MONTEREY,,
CA,SALMON CREEK,SONOMA,,
CA,SALTON CITY,IMPERIAL,,
CA,SALYER,TRINITY,,
CA,SAMOA,HUMBOLDT,,
CA,SAN ANDREAS,CALAVERAS,,
CA,SAN ANSELMO,MARIN,,
CA,SAN ARDO,MONTEREY,,
CA,SAN BENITO,SAN BENITO,,
CA,SAN BERNARDINO,SAN BERNARDINO,,
CA,SAN BRUNO,SAN MATEO,,
CA,SAN CARLOS,SAN MATEO,,
CA,SAN CLEMENTE,ORANGE,,
CA,SAN DIEGO,SAN DIEGO,,
CA,SAN DIMAS,LOS ANGELES,,
CA,SAN FERNANDO,LOS ANGELES,,
CA,SAN FRANCISCO,SAN FRANCISCO,,
CA,SAN GABRIEL,LOS ANGELES,,
CA,SAN GERONIMO,MARIN,,
CA,SAN GREGORIO,SAN MATEO,,
CA,SAN JACINTO,RIVERSIDE,,
CA,SAN JOAQUIN,FRESNO,,
CA,SAN JOSE,SANTA CLARA,,
CA,SAN JUAN BAUTISTA,SAN BENITO,,
CA,SAN JUAN CAPISTRANO,ORANGE,,
CA,SAN LEANDRO,ALAMEDA,,
CA,SAN LORENZO,ALAMEDA,,
CA,SAN LUCAS,MONTEREY,,
CA,SAN LUIS OBISPO,SAN LUIS OBISPO,,
CA,SAN LUIS REY,SAN DIEGO,,
CA,SAN MARCOS,SAN DIEGO,,
CA,SAN MARINO,LOS ANGELES,,
CA,SAN MARTIN,SANTA CLARA,,
CA,SAN MATEO,SAN MATEO,,
CA,SAN MIGUEL,SAN LUIS OBISPO,,
CA,SAN PABLO,CONTRA COSTA,,
CA,SAN PEDRO,LOS ANGELES,,
CA,SAN QUENTIN,MARIN,,
CA,SAN RAFAEL,MARIN,,
CA,SAN RAMON,CONTRA COSTA,,
CA,SAN SIMEON,SAN LUIS OBISPO,,
CA,SAN YSIDRO,SAN DIEGO,,
CA,SAND CANYON,KERN,,
CA,SAND CITY,MONTEREY,,
CA,SANDBERG,LOS ANGELES,,
CA,SANFORD,LOS ANGELES,,
CA,SANGER,FRESNO,,
CA,SANTA ANA,ORANGE,,
CA,SANTA BARBARA,SANTA BARBARA,,
CA,SANTA CLARA,SANTA CLARA,,
CA,SANTA CLARITA,LOS ANGELES,,
CA,SANTA CRUZ,SANTA CRUZ,,
CA,SANTA FE SPRINGS,LOS ANGELES,,
CA,SANTA MARGARITA,SAN LUIS OBISPO,,
CA,SANTA MARIA,SANTA BARBARA,,
CA,SANTA MONICA,LOS ANGELES,,
CA,SANTA NELLA,MERCED,,
CA,SANTA PAULA,VENTURA,,
CA,SANTA RITA PARK,MERCED,,
CA,SANTA ROSA VALLEY,VENTURA,,
CA,SANTA ROSA,SONOMA,,
CA,SANTA SUSANA,VENTURA,,
CA,SANTA YNEZ,SANTA BARBARA,,
CA,SANTA YSABEL,SAN DIEGO,,
CA,SANTEE,SAN DIEGO,,
CA,SARATOGA HILLS,LOS ANGELES,,
CA,SARATOGA,SANTA CLARA,,
CA,SATICOY,VENTURA,,
CA,SATTLEY,SIERRA,,
CA,SAUGUS,LOS ANGELES,,
CA,SAUSALITO,MARIN,,
CA,SAWYERS BAR,SISKIYOU,,
CA,SCHELLVILLE,SONOMA,,
CA,SCOTIA,HUMBOLDT,,
CA,SCOTT BAR,SISKIYOU,,
CA,SCOTTS VALLEY,SANTA CRUZ,,
CA,SEACLIFF,SANTA CRUZ,,
CA,SEAL BEACH,ORANGE,,
CA,SEASIDE,MONTEREY,,
CA,SEBASTOPOL,SONOMA,,
CA,SEELEY,IMPERIAL,,
CA,SEIAD VALLEY,SISKIYOU,,
CA,SELMA,FRESNO,,
CA,SENECA,PLUMAS,,
CA,SEPULVEDA,LOS ANGELES,,
CA,SEQUOIA NATIONAL PARK,TULARE,,
CA,SEVEN OAKS,SAN BERNARDINO,,
CA,SHADOW HILLS,LOS ANGELES,,
CA,SHADY GLEN,PLACER,,
CA,SHAFTER,KERN,,
CA,SHANDON,SAN LUIS OBISPO,,
CA,SHARON,MADERA,,
CA,SHASTA LAKE,SHASTA,,
CA,SHASTA,SHASTA,,
CA,SHAVER LAKE,FRESNO,,
CA,SHEEP RANCH,CALAVERAS,,
CA,SHELL BEACH,SAN LUIS OBISPO,,
CA,SHELTER COVE,HUMBOLDT,,
CA,SHERIDAN,PLACER,,
CA,SHERMAN OAKS,LOS ANGELES,,
CA,SHERMAN VILLAGE,LOS ANGELES,,
CA,SHERWOOD FOREST,LOS ANGELES,,
CA,SHINGLE SPRINGS,EL DORADO,,
CA,SHINGLETOWN,SHASTA,,
CA,SHOSHONE,INYO,,
CA,SIERRA CITY,SIERRA,,
CA,SIERRA MADRE,LOS ANGELES,,
CA,SIERRAVILLE,SIERRA,,
CA,SIGNAL HILL,LOS ANGELES,,
CA,SILVER LAKES,SAN BERNARDINO,,
CA,SILVERADO,ORANGE,,
CA,SIMI VALLEY,VENTURA,,
CA,SISQUOC,SANTA BARBARA,,
CA,SITES,COLUSA,,
CA,SKY VALLEY,RIVERSIDE,,
CA,SKYFOREST,SAN BERNARDINO,,
CA,SLOUGHHOUSE,SACRAMENTO,,
CA,SMARTSVILLE,NEVADA,,
CA,SMITH RIVER,DEL NORTE,,
CA,SNELLING,MERCED,,
CA,SODA SPRINGS,NEVADA,,
CA,SOLANA BEACH,SAN DIEGO,,
CA,SOLEDAD,MONTEREY,,
CA,SOLVANG,SANTA BARBARA,,
CA,SOMERSET,EL DORADO,,
CA,SOMES BAR,SISKIYOU,,
CA,SOMIS,VENTURA,,
CA,SONOMA,SONOMA,,
CA,SONORA,TUOLUMNE,,
CA,SOQUEL,SANTA CRUZ,,
CA,SOULSBYVILLE,TUOLUMNE,,
CA,SOUTH DOS PALOS,MERCED,,
CA,SOUTH EL MONTE,LOS ANGELES,,
CA,SOUTH GATE,LOS ANGELES,,
CA,SOUTH LAKE TAHOE,EL DORADO,,
CA,SOUTH OROVILLE,BUTTE,,
CA,SOUTH PASADENA,LOS ANGELES,,
CA,SOUTH SAN FRANCISCO,SAN MATEO,,
CA,SPANISH FLAT,NAPA,,
CA,SPANISH RANCH,PLUMAS,,
CA,SPAULDING,LASSEN,,
CA,SPRECKELS,MONTEREY,,
CA,SPRING GARDEN,PLUMAS,,
CA,SPRING HILL,NEVADA,,
CA,SPRING VALLEY LAKE,SAN BERNARDINO,,
CA,SPRING VALLEY,SAN DIEGO,,
CA,SPRINGVILLE,TULARE,,
CA,SQUAW VALLEY,FRESNO,,
CA,STALLION SPRINGS,KERN,,
CA,STANDARD,TUOLUMNE,,
CA,STANDISH,LASSEN,,
CA,STANFORD,SANTA CLARA,,
CA,STANTON,ORANGE,,
CA,STEVENSON RANCH,LOS ANGELES,,
CA,STEVINSON,MERCED,,
CA,STEWARTS POINT,SONOMA,,
CA,STINSON BEACH,MARIN,,
CA,STIRLING CITY,BUTTE,,
CA,STOCKTON,SAN JOAQUIN,,
CA,STONYFORD,COLUSA,,
CA,STORRIE,PLUMAS,,
CA,STRATFORD,KINGS,,
CA,STRATHMORE,TULARE,,
CA,STRAWBERRY VALLEY,YUBA,,
CA,STRAWBERRY,TUOLUMNE,,
CA,STUDIO CITY,LOS ANGELES,,
CA,SUGARLOAF,SAN BERNARDINO,,
CA,SUISUN CITY,SOLANO,,
CA,SULTANA,TULARE,,
CA,SUMMERLAND,SANTA BARBARA,,
CA,SUMMIT CITY,SHASTA,,
CA,SUN CITY,RIVERSIDE,,
CA,SUN VALLEY,LOS ANGELES,,
CA,SUN VILLAGE,LOS ANGELES,,
CA,SUNLAND,LOS ANGELES,,
CA,SUNNYBROOK,AMADOR,,
CA,SUNNYVALE,SANTA CLARA,,
CA,SUNOL,ALAMEDA,,
CA,SUNSET BEACH,ORANGE,,
CA,SURFSIDE,ORANGE,,
CA,SUSANVILLE,LASSEN,,
CA,SUTTER CREEK,AMADOR,,
CA,SUTTER HILL,AMADOR,,
CA,SUTTER,SUTTER,,
CA,SWALL MEADOWS,INYO,,
CA,SWANSEA,INYO,,
CA,SYCAMORE,SUTTER,,
CA,SYLMAR,LOS ANGELES,,
CA,TAFT,KERN,,
CA,TAHOE CITY,PLACER,,
CA,TAHOE PINES,PLACER,,
CA,TAHOE VISTA,PLACER,,
CA,TAHOMA,EL DORADO,,
CA,TALMAGE,MENDOCINO,,
CA,TAMALPAIS VALLEY,MARIN,,
CA,TARA HILLS,CONTRA COSTA,,
CA,TARZANA,LOS ANGELES,,
CA,TASSAJARA HOT SPRINGS,MONTEREY,,
CA,TAYLORSVILLE,PLUMAS,,
CA,TECATE,SAN DIEGO,,
CA,TECOPA,INYO,,
CA,TEHACHAPI,KERN,,
CA,TEHAMA,TEHAMA,,
CA,TEJON RANCH,KERN,,
CA,TEMECULA,RIVERSIDE,,
CA,TEMESCAL VALLEY,RIVERSIDE,,
CA,TEMPLE CITY,LOS ANGELES,,
CA,TEMPLETON,SAN LUIS OBISPO,,
CA,TERMO,LASSEN,,
CA,TERRA BELLA,TULARE,,
CA,THE CEDARS,NEVADA,,
CA,THE SEA RANCH,SONOMA,,
CA,THERMAL,RIVERSIDE,,
CA,THERMALITO,BUTTE,,
CA,THORNTON,SAN JOAQUIN,,
CA,THOUSAND OAKS,VENTURA,,
CA,THOUSAND PALMS,RIVERSIDE,,
CA,THREE POINTS,LOS ANGELES,,
CA,THREE RIVERS,TULARE,,
CA,THREE ROCKS,FRESNO,,
CA,TIBURON,MARIN,,
CA,TIERRA BUENA,SUTTER,,
CA,TIONESTA,SISKIYOU,,
CA,TIPTON,TULARE,,
CA,TOBIN,PLUMAS,,
CA,TODD VALLEY,PLACER,,
CA,TOLLHOUSE,FRESNO,,
CA,TOLUCA LAKE,LOS ANGELES,,
CA,TOLUCA TERRACE,LOS ANGELES,,
CA,TOMALES,MARIN,,
CA,TOMS PLACE,MONO,,
CA,TONYVILLE,TULARE,,
CA,TOPANGA,LOS ANGELES,,
CA,TOPAZ,MONO,,
CA,TORRANCE,LOS ANGELES,,
CA,TRABUCO CANYON,ORANGE,,
CA,TRABUCO,ORANGE,,
CA,TRACY,SAN JOAQUIN,,
CA,TRANQUILLITY,FRESNO,,
CA,TRAVER,TULARE,,
CA,TRES PINOS,SAN BENITO,,
CA,TRINIDAD,HUMBOLDT,,
CA,TRINITY CENTER,TRINITY,,
CA,TRONA,SAN BERNARDINO,,
CA,TROWBRIDGE,SUTTER,,
CA,TRUCKEE,NEVADA,,
CA,TUJUNGA,LOS ANGELES,,
CA,TULARE,TULARE,,
CA,TULELAKE,SISKIYOU,,
CA,TUOLUMNE MEADOWS,MARIPOSA,,
CA,TUOLUMNE,TUOLUMNE,,
CA,TUPMAN,KERN,,
CA,TURLOCK,STANISLAUS,,
CA,TUSTIN,ORANGE,,
CA,TWAIN HARTE,TUOLUMNE,,
CA,TWAIN,PLUMAS,,
CA,TWENTYNINE PALMS,SAN BERNARDINO,,
CA,TWIN BRIDGES,EL DORADO,,
CA,TWIN PEAKS,SAN BERNARDINO,,
CA,UKIAH,MENDOCINO,,
CA,UNION CITY,ALAMEDA,,
CA,UNIVERSAL CITY,LOS ANGELES,,
CA,UPLAND,SAN BERNARDINO,,
CA,UPPER LAKE,LAKE,,
CA,VACAVILLE,SOLANO,,
CA,VAL VERDE,LOS ANGELES,,
CA,VALENCIA,LOS ANGELES,,
CA,VALERIE,RIVERSIDE,,
CA,VALLECITO,CALAVERAS,,
CA,VALLEJO,SOLANO,,
CA,VALLEY CENTER,SAN DIEGO,,
CA,VALLEY FORD,SONOMA,,
CA,VALLEY GLEN,LOS ANGELES,,
CA,VALLEY HOME,STANISLAUS,,
CA,VALLEY SPRINGS,CALAVERAS,,
CA,VALLEY VILLAGE,LOS ANGELES,,
CA,VALYERMO,LOS ANGELES,,
CA,VAN NUYS,LOS ANGELES,,
CA,VANDENBERG VILLAGE,SANTA BARBARA,,
CA,VENICE,LOS ANGELES,,
CA,VENTURA,VENTURA,,
CA,VERDEMONT,SAN BERNARDINO,,
CA,VERDUGO CITY,LOS ANGELES,,
CA,VERNALIS,SAN JOAQUIN,,
CA,VERNON,LOS ANGELES,,
CA,VERONA,SUTTER,,
CA,VICTOR,SAN JOAQUIN,,
CA,VICTORVILLE,SAN BERNARDINO,,
CA,VIDAL JUNCTION,SAN BERNARDINO,,
CA,VIDAL,SAN BERNARDINO,,
CA,VIEW PARK,LOS ANGELES,,
CA,VILLA GRANDE,SONOMA,,
CA,VILLA PARK,ORANGE,,
CA,VINA,TEHAMA,,
CA,VINEBURG,SONOMA,,
CA,VINTON,PLUMAS,,
CA,VIOLA,SHASTA,,
CA,VIRGILIA,PLUMAS,,
CA,VIRNER,EL DORADO,,
CA,VISALIA,TULARE,,
CA,VISTA SANTA ROSA,RIVERSIDE,,
CA,VISTA,SAN DIEGO,,
CA,VOLCANO,AMADOR,,
CA,VOLCANOVILLE,EL DORADO,,
CA,WALKER,MONO,,
CA,WALLACE,CALAVERAS,,
CA,WALNUT CREEK,CONTRA COSTA,,
CA,WALNUT GROVE,SACRAMENTO,,
CA,WALNUT PARK,LOS ANGELES,,
CA,WALNUT,LOS ANGELES,,
CA,WARNER SPRINGS,SAN DIEGO,,
CA,WASCO,KERN,,
CA,WASHINGTON,NEVADA,,
CA,WATERFORD,STANISLAUS,,
CA,WATSONVILLE,SANTA CRUZ,,
CA,WATTS,LOS ANGELES,,
CA,WAUKENA,TULARE,,
CA,WAWONA,MARIPOSA,,
CA,WEAVERVILLE,TRINITY,,
CA,WEED,SISKIYOU,,
CA,WEIMAR,PLACER,,
CA,WELDON,KERN,,
CA,WENDEL,LASSEN,,
CA,WEOTT,HUMBOLDT,,
CA,WEST COVINA,LOS ANGELES,,
CA,WEST HILLS,LOS ANGELES,,
CA,WEST HOLLYWOOD,LOS ANGELES,,
CA,WEST LINDA,YUBA,,
CA,WEST LOS ANGELES,LOS ANGELES,,
CA,WEST MENLO PARK,SAN MATEO,,
CA,WEST POINT,CALAVERAS,,
CA,WEST SACRAMENTO,YOLO,,
CA,WEST TOLUCA LAKE,LOS ANGELES,,
CA,WESTCHESTER,LOS ANGELES,,
CA,WESTLAKE VILLAGE,VENTURA,,
CA,WESTLEY,STANISLAUS,,
CA,WESTMINSTER,ORANGE,,
CA,WESTMORLAND,IMPERIAL,,
CA,WESTPORT,MENDOCINO,,
CA,WESTWOOD,LASSEN,,
CA,WHEATLAND,YUBA,,
CA,WHISKEYTOWN,SHASTA,,
CA,WHITETHORN,HUMBOLDT,,
CA,WHITEWATER,RIVERSIDE,,
CA,WHITMORE,SHASTA,,
CA,WHITTIER,LOS ANGELES,,
CA,WILBUR SPRINGS,COLUSA,,
CA,WILDOMAR,RIVERSIDE,,
CA,WILDWOOD,SHASTA,,
CA,WILLIAMS,COLUSA,,
CA,WILLITS,MENDOCINO,,
CA,WILLOW CREEK,HUMBOLDT,,
CA,WILLOW SPRINGS,KERN,,
CA,WILLOWS,GLENN,,
CA,WILMINGTON,LOS ANGELES,,
CA,WILSEYVILLE,CALAVERAS,,
CA,WILTON,SACRAMENTO,,
CA,WINCHESTER,RIVERSIDE,,
CA,WINDSOR HILLS,LOS ANGELES,,
CA,WINDSOR,SONOMA,,
CA,WINNETKA,LOS ANGELES,,
CA,WINTERHAVEN,IMPERIAL,,
CA,WINTERS,YOLO,,
CA,WINTON,MERCED,,
CA,WISHON,MADERA,,
CA,WITTER SPRINGS,LAKE,,
CA,WOFFORD HEIGHTS,KERN,,
CA,WOODACRE,MARIN,,
CA,WOODBRIDGE,SAN JOAQUIN,,
CA,WOODCREST,RIVERSIDE,,
CA,WOODFORDS,ALPINE,,
CA,WOODLAKE,TULARE,,
CA,WOODLAND HILLS,LOS ANGELES,,
CA,WOODLAND,YOLO,,
CA,WOODLEAF,YUBA,,
CA,WOODSIDE,SAN MATEO,,
CA,WOODVILLE,TULARE,,
CA,WOODY,KERN,,
CA,WRIGHTWOOD,SAN BERNARDINO,,
CA,WYANDOTTE,BUTTE,,
CA,YANKEE HILL,BUTTE,,
CA,YANKEE JIMS,PLACER,,
CA,YERMO,SAN BERNARDINO,,
CA,YETTEM,TULARE,,
CA,YOLO,YOLO,,
CA,YORBA LINDA,ORANGE,,
CA,YORKVILLE,MENDOCINO,,
CA,YOSEMITE NATIONAL PARK,MARIPOSA,,
CA,YOUNTVILLE,NAPA,,
CA,YREKA,SISKIYOU,,
CA,YUBA CITY,SUTTER,,
CA,YUCAIPA,SAN BERNARDINO,,
CA,YUCCA VALLEY,SAN BERNARDINO,,
CA,ZAMORA,YOLO,,
CA,ZENIA,TRINITY,,
CA,BOUQUET CANYON,LOS ANGELES,1/1/2021,removed from the list of cities
CA,BUFFALO HILL,EL DORADO,1/1/2021,removed from the list of cities
CA,CAMP CONNELL,CALAVERAS,1/1/2021,removed from the list of cities
CA,CHAPMANTOWN,BUTTE,1/1/2021,removed from the list of cities
CA,DIAMOND,ORANGE,1/1/2021,removed from the list of cities
CA,JUNE LAKE JUNCTION,MONO,1/1/2021,removed from the list of cities
CA,KENT WOODLANDS,MARIN,1/1/2021,removed from the list of cities
CA,MARINWOOD,MARIN,1/1/2021,removed from the list of cities
CA,NIMSHEW,BUTTE,1/1/2021,removed from the list of cities
CA,OAK GROVE,BUTTE,1/1/2021,removed from the list of cities
CA,OLD FORT JIM,EL DORADO,1/1/2021,removed from the list of cities
CA,ORANGE COVE KINGS CANYON STA,TULARE,1/1/2021,removed from the list of cities
CA,PARADISE PINES,BUTTE,1/1/2021,removed from the list of cities
CA,PENTZ,BUTTE,1/1/2021,removed from the list of cities
CA,RICHARDSON SPRINGS,BUTTE,1/1/2021,removed from the list of cities
CA,WILLOW RANCH,MODOC,1/1/2021,removed from the list of cities
CA,OUT OF STATE CITY,OUT OF STATE,,
CA,UNINCORPORATED AREA-ALAMEDA COUNTY,ALAMEDA,,
CA,UNINCORPORATED AREA-ALPINE COUNTY,ALPINE,,
CA,UNINCORPORATED AREA-AMADOR COUNTY,AMADOR,,
CA,UNINCORPORATED AREA-BUTTE COUNTY,BUTTE,,
CA,UNINCORPORATED AREA-CALAVERAS COUNTY,CALAVERAS,,
CA,UNINCORPORATED AREA-COLUSA COUNTY,COLUSA,,
CA,UNINCORPORATED AREA-CONTRA COSTA COUNTY,CONTRA COSTA,,
CA,UNINCORPORATED AREA-DEL NORTE COUNTY,DEL NORTE,,
CA,UNINCORPORATED AREA-EL DORADO COUNTY,EL DORADO,,
CA,UNINCORPORATED AREA-FRESNO COUNTY,FRESNO,,
CA,UNINCORPORATED AREA-GLENN COUNTY,GLENN,,
CA,UNINCORPORATED AREA-HUMBOLDT COUNTY,HUMBOLDT,,
CA,UNINCORPORATED AREA-IMPERIAL COUNTY,IMPERIAL,,
CA,UNINCORPORATED AREA-INYO COUNTY,INYO,,
CA,UNINCORPORATED AREA-KERN COUNTY,KERN,,
CA,UNINCORPORATED AREA-KINGS COUNTY,KINGS,,
CA,UNINCORPORATED AREA-LAKE COUNTY,LAKE,,
CA,UNINCORPORATED AREA-LASSEN COUNTY,LASSEN,,
CA,UNINCORPORATED AREA-LOS ANGELES COUNTY,LOS ANGELES,,
CA,UNINCORPORATED AREA-MADERA COUNTY,MADERA,,
CA,UNINCORPORATED AREA-MARIN COUNTY,MARIN,,
CA,UNINCORPORATED AREA-MARIPOSA COUNTY,MARIPOSA,,
CA,UNINCORPORATED AREA-MENDOCINO COUNTY,MENDOCINO,,
CA,UNINCORPORATED AREA-MERCED COUNTY,MERCED,,
CA,UNINCORPORATED AREA-MODOC COUNTY,MODOC,,
CA,UNINCORPORATED AREA-MONO COUNTY,MONO,,
CA,UNINCORPORATED AREA-MONTEREY COUNTY,MONTEREY,,
CA,UNINCORPORATED AREA-NAPA COUNTY,NAPA,,
CA,UNINCORPORATED AREA-NEVADA COUNTY,NEVADA,,
CA,UNINCORPORATED AREA-ORANGE COUNTY,ORANGE,,
CA,UNINCORPORATED AREA-PLACER COUNTY,PLACER,,
CA,UNINCORPORATED AREA-PLUMAS COUNTY,PLUMAS,,
CA,UNINCORPORATED AREA-RIVERSIDE COUNTY,RIVERSIDE,,
CA,UNINCORPORATED AREA-SACRAMENTO COUNTY,SACRAMENTO,,
CA,UNINCORPORATED AREA-SAN BENITO COUNTY,SAN BENITO,,
CA,UNINCORPORATED AREA-SAN BERNARDINO COUNTY,SAN BERNARDINO,,
CA,UNINCORPORATED AREA-SAN DIEGO COUNTY,SAN DIEGO,,
CA,UNINCORPORATED AREA-SAN FRANCISCO COUNTY,SAN FRANCISCO,,
CA,UNINCORPORATED AREA-SAN JOAQUIN COUNTY,SAN JOAQUIN,,
CA,UNINCORPORATED AREA-SAN LUIS OBISPO COUNTY,SAN LUIS OBISPO,,
CA,UNINCORPORATED AREA-SAN MATEO COUNTY,SAN MATEO,,
CA,UNINCORPORATED AREA-SANTA BARBARA COUNTY,SANTA BARBARA,,
CA,UNINCORPORATED AREA-SANTA CLARA COUNTY,SANTA CLARA,,
CA,UNINCORPORATED AREA-SANTA CRUZ COUNTY,SANTA CRUZ,,
CA,UNINCORPORATED AREA-SHASTA COUNTY,SHASTA,,
CA,UNINCORPORATED AREA-SIERRA COUNTY,SIERRA,,
CA,UNINCORPORATED AREA-SISKIYOU COUNTY,SISKIYOU,,
CA,UNINCORPORATED AREA-SOLANO COUNTY,SOLANO,,
CA,UNINCORPORATED AREA-SONOMA COUNTY,SONOMA,,
CA,UNINCORPORATED AREA-STANISLAUS COUNTY,STANISLAUS,,
CA,UNINCORPORATED AREA-SUTTER COUNTY,SUTTER,,
CA,UNINCORPORATED AREA-TEHAMA COUNTY,TEHAMA,,
CA,UNINCORPORATED AREA-TRINITY COUNTY,TRINITY,,
CA,UNINCORPORATED AREA-TULARE COUNTY,TULARE,,
CA,UNINCORPORATED AREA-TUOLUMNE COUNTY,TUOLUMNE,,
CA,UNINCORPORATED AREA-VENTURA COUNTY,VENTURA,,
CA,UNINCORPORATED AREA-YOLO COUNTY,YOLO,,
CA,UNINCORPORATED AREA-YUBA COUNTY,YUBA,,
